,company,title,location,postedtime
0,Data Analytics Intern,Greenlight,"Atlanta Metropolitan Area
3 weeks ago",3 weeks ago
1,"Data Science Intern, Analytics",Discord,"San Francisco, CA
1 week ago",1 week ago
2,Data Engineer Intern,Discord,"San Francisco, CA
1 week ago",1 week ago
3,Data Intelligence Intern,Bayer,"United States
Actively Hiring
3 months ago",3 months ago
4,Process Insights & Analytics Intern,Bayer,"United States
Actively Hiring
1 month ago",1 month ago
5,Data Operations Intern (Remote - USA),Enel North America,"United States
6 days ago",6 days ago
6,Data Platforms Engineering Intern,Intel Corporation,"Arizona, United States
Actively Hiring
1 week ago",1 week ago
7,Computer Vision / ML Engineer Intern,Bayer,"United States
Actively Hiring
1 month ago",1 month ago
8,Software Engineer Intern - Database Technologies,Oracle,"United States
Actively Hiring
4 days ago",4 days ago
9,AI Engineer Intern,Foxit,"Fremont, CA
1 week ago",1 week ago
10,Artificial Intelligence Intern,RadicalX,"New York, NY
Actively Hiring
5 hours ago",1 week ago
11,Lead Business Intelligence Developer/Analyst - CAESAR (Work from Home),Aegon,"United States
1 week ago",5 months ago
12,Azure Support Engineer Intern,Vee,"New York, NY
5 months ago",4 days ago
13,Software Engineer Intern - Analytics Cloud,Oracle,"United States
Actively Hiring
4 days ago",1 month ago
14,Remote!! Remote!! Remote!! Hot and Urgent requirement of Sr. Net Developer - 722510 withh Commonwealth of PA,IntelliX Software Inc,"United States
Actively Hiring
1 month ago",1 week ago
15,"Machine Learning Engineer Internship, Data Processing - US Remote",Hugging Face,"United States
1 week ago",4 days ago
16,Generative AI Engineer Intern,Anika Systems,"Leesburg, VA
4 days ago",1 week ago
17,Entry Level Trainee - Software Developer,HireMeFast LLC - Secure More Interviews & Job Offers,"New York, NY
12 hours ago",2 weeks ago
18,"Machine Learning Engineer Internship, Document AI - US Remote",Hugging Face,"United States
1 week ago",1 week ago
19,Intern - Application Developer,Acxiom,"United States
Actively Hiring
2 weeks ago",1 week ago
20,Internal Systems Engineer,CDW,"United States
Actively Hiring
1 week ago",1 week ago
21,"ML Engineer Internship, Improve hardware efficiency - US Remote",Hugging Face,"United States
1 week ago",2 weeks ago
22,Software Engineer Intern - Security,Discord,"San Francisco, CA
1 week ago",1 week ago
23,"Raymond James, 2024 Spring Associate - Marketing Data Insights - St. Petersburg, FL (Virtual or Hybrid) - Application via WayUp",WayUp,"St Petersburg, FL
Be an early applicant
2 weeks ago",1 week ago
24,"ML Engineer Internship, Open benchmarks of AI hardware - US Remote",Hugging Face,"United States
1 week ago",2 weeks ago
25,"Machine Learning Engineer Internship, Tokenizers & Maintenance - US Remote",Hugging Face,"United States
1 week ago",4 days ago
26,Infrastructure and DevOps Intern,Intel Corporation,"Arizona, United States
Actively Hiring
2 weeks ago",1 week ago
27,IT Intern - DevOps and Infrastructure,SelectQuote Insurance Services,"United States
4 days ago",2 weeks ago
28,UX Developer Intern,Oracle,"United States
Actively Hiring
1 week ago",1 week ago
29,"Security Engineer, Internal Detection and Response",Meta,"United States
$205,000 - $281,000
Actively Hiring
2 weeks ago",1 week ago
30,"Machine Learning Engineer Internship, Computer Vision - US Remote",Hugging Face,"United States
1 week ago",1 month ago
31,"Machine Learning Engineer Internship, Watermarking - US Remote",Hugging Face,"United States
1 week ago",1 week ago
32,Remote -Hot and urgent requirement of SharePoint Power Apps Developer,IntelliX Software Inc,"United States
Actively Hiring
1 month ago",6 days ago
33,"Machine Learning Engineer Internship, Generation - US Remote",Hugging Face,"United States
1 week ago",1 week ago
34,Full Stack Developer- Intern,Bainbridge,"United States
Actively Hiring
6 days ago",1 week ago
35,"Machine Learning Engineer Internship, Brrr/Nanotron - US Remote",Hugging Face,"United States
1 week ago",2 weeks ago
36,Economic Research Analyst Intern,Glassdoor,"San Francisco, CA
1 week ago",2 weeks ago
37,System Engineer internship 2024,Motorola Solutions,"Illinois, United States
Actively Hiring
2 weeks ago",1 week ago
38,Software Developer Intern - Packaged Systems,Ameritas,"United States
2 weeks ago",1 week ago
39,"Machine Learning Engineer Internship, Quantization - US Remote",Hugging Face,"United States
1 week ago",1 day ago
40,"Machine Learning Engineer Internship, BigCode - US Remote",Hugging Face,"United States
1 week ago",1 month ago
41,"Intern, Site Reliability Engineer",Yum! Brands,"United States
Actively Hiring
1 day ago",4 days ago
42,Azure DevOps Engineer Associate Intern,Vee,"Charleston, SC
1 month ago",3 weeks ago
43,"Spring Intern, Financial Systems, Salesforce Software Engineer - Part Time",SiriusXM,"New York, United States
Actively Hiring
4 days ago",1 week ago
44,"Summer 2024, Intern: Fluid Dynamics Data Scientist (Remote/Hybrid)",RTX,"United States
Actively Hiring
3 weeks ago",4 days ago
45,Software Engineer (AI & ML) - REMOTE!,CyberCoders,"Dallas, TX
$200,000 - $250,000
Actively Hiring
1 week ago",2 weeks ago
46,IT Intern - AI Development,SelectQuote Insurance Services,"United States
4 days ago",1 week ago
47,"Advisor, School Aged Research, Evidence and Learning (P3)",Save the Children US,"United States
2 weeks ago",1 month ago
48,Software Engineer (AI & ML) - REMOTE!,CyberCoders,"Seattle, WA
$200,000 - $250,000
Actively Hiring
1 week ago",1 week ago
49,Software Development Internship,AffiniPay,"Austin, TX
1 month ago",1 week ago
50,Software Engineer (AI & ML) - REMOTE!,CyberCoders,"Phoenix, AZ
$200,000 - $250,000
Actively Hiring
1 week ago",2 weeks ago
51,Software Engineer (AI & ML) - REMOTE!,CyberCoders,"San Jose, CA
$200,000 - $250,000
Actively Hiring
1 week ago",1 month ago
52,Special Projects Developer Intern,Vectra AI,"Austin, TX
Actively Hiring
2 weeks ago",1 week ago
53,Data Science Intern,Atmosfy,"United States
1 month ago",1 week ago
54,Software Engineer (AI & ML) - REMOTE!,CyberCoders,"Portland, OR
$200,000 - $250,000
Actively Hiring
1 week ago",1 week ago
55,"Course Developer Intern, Deep Learning Institute - Summer 2024",NVIDIA,"California, United States
Actively Hiring
1 week ago",1 week ago
56,Web Developer Internship,T'sarE,"Rockford, IL
Be an early applicant
2 hours ago",2 weeks ago
57,2024 Student Internship (U.S.) - Industrial/Systems Engineer,Energy Jobline,"United States
Actively Hiring
1 week ago",2 weeks ago
58,"Software Engineer Intern, Data Products",Discord,"San Francisco, CA
1 week ago",1 month ago
59,Software Engineer- Client Platforms Intern,Discord,"San Francisco, CA
2 weeks ago",3 days ago
60,GPGPU Physics Solver Intern,Hexagon Manufacturing Intelligence,"United States
Actively Hiring
2 weeks ago",1 week ago
61,Reinforcement Learning Research Intern for Game AI,SonyAI,"New York, United States
1 month ago",6 months ago
62,Trainee Embedded engineer IRC202703,Energy Jobline,"West Lafayette, IN
Actively Hiring
3 days ago",1 month ago
63,2024 Student Internship (U.S.) - Industrial/Systems Engineer,Bechtel Corporation,"United States
Actively Hiring
1 week ago",1 month ago
64,"NYU Steinhardt, API Developer - Application via WayUp",WayUp,"United States
6 months ago",1 month ago
65,Reinforcement Learning Research Intern for Game AI,SonyAI,"San Jose, CA
1 month ago",3 weeks ago
66,Reinforcement Learning Research Intern for Game AI,SonyAI,"Washington, United States
Be an early applicant
1 month ago",1 month ago
67,Reinforcement Learning Research Intern for Game AI,SonyAI,"Washington, DC
1 month ago",1 week ago
68,Software Developer Intern,"Noetic Strategies, Inc.","Huntsville, AL
3 weeks ago",1 month ago
69,"Raymond James, 2024 Spring Associate - Marketing Development - St. Petersburg, FL (Virtual or Hybrid) - Application via WayUp",WayUp,"St Petersburg, FL
1 month ago",1 month ago
70,Quantum Computing Software Intern,NVIDIA,"New York, United States
Actively Hiring
1 week ago",1 week ago
71,Business Analyst Intern - Remote | WFH,Get It Recruit - Finance,"Santa Clara, CA
15 hours ago",2 weeks ago
72,Intern - Site Reliability Engineer (SPRING),Acxiom,"United States
Actively Hiring
1 month ago",3 weeks ago
73,Developer Internship,"Colony Brands, Inc.","Monroe, WI
1 month ago",1 day ago
74,Quantum Computing Software Intern,NVIDIA,"United States
Actively Hiring
1 week ago",1 week ago
75,Software Engineer Intern - Perks (Core Product),Discord,"San Francisco, CA
2 weeks ago",3 months ago
76,"SW Application Developer, Digital Marketing Internship Program - Remote | WFH",Get It Recruit - Marketing,"Potomac, MD
3 weeks ago",6 days ago
77,Volunteer Software Engineer (Unpaid),Teamwyrk,"United States
Actively Hiring
12 hours ago",1 week ago
78,Remote Front-End Developer Intern (React Native),BottleUp,"Washington DC-Baltimore Area
Actively Hiring
1 day ago",2 weeks ago
79,Intern - Site Relability Engineer (SUMMER),Acxiom,"United States
Actively Hiring
1 week ago",1 week ago
80,"Childhood Cancer Society, Software Engineering Team (Internship/Course Credit Eligible) - Application via WayUp",WayUp,"United States
3 months ago",3 days ago
81,Software Engineer Intern,Hyperion Industries,"United States
$0 - $0
Actively Hiring
6 days ago",4 days ago
82,Software Engineering Internship Program (2024),Wikimedia Foundation,"New York, NY
1 week ago",1 week ago
83,"Product Owner, BigFuture Student",The College Board,"United States
2 weeks ago",6 days ago
84,Software Engineering Intern,Pax8,"Colorado, United States
Actively Hiring
1 week ago",3 days ago
85,Software Engineer Intern - NetSuite,NetSuite,"United States
Actively Hiring
3 days ago",2 weeks ago
86,Machine Learning SW Engineer - Graduate Intern,Intel Corporation,"Arizona, United States
Actively Hiring
4 days ago",2 weeks ago
87,Software Engineer Intern - Nitro Growth,Discord,"San Francisco, CA
1 week ago",3 days ago
88,Software Development Intern,Sparq,"Louisiana, United States
6 days ago",1 week ago
89,Software Engineer Intern - Applications Development,Oracle,"United States
Actively Hiring
3 days ago",1 week ago
90,Cloud Development Intern,Hexagon Manufacturing,"United States
2 weeks ago",2 weeks ago
91,Software Architecture Leader (M/F/D),Agilent Technologies,"Sacramento, CA
Actively Hiring
2 weeks ago",1 week ago
92,Software Engineer Intern - Global Industry Unit,Oracle,"United States
Actively Hiring
3 days ago",1 week ago
93,Machine Learning Engineer Internship - Masters or PhD,Torc Robotics,"United States
Actively Hiring
1 week ago",2 months ago
94,Intern Software Engineer,Granicus,"Puerto Rico
Actively Hiring
1 week ago",6 days ago
95,"Yahoo Summer Intern (US) - Sports, Finance, Mail & More!",Yahoo,"United States
Actively Hiring
2 weeks ago",2 weeks ago
96,Software Engineering Intern,Forcepoint,"United States
Actively Hiring
1 week ago",2 months ago
97,Financial Analyst Internship (Remote),Fortrea,"Durham, NC
Actively Hiring
1 week ago",4 days ago
98,Intern - Development Engineering (SPRING),Acxiom,"United States
Actively Hiring
2 months ago",1 month ago
99,Intern - Development Engineering (SPRING),Acxiom,"United States
Actively Hiring
6 days ago",6 days ago
100,Software Architecture Leader (M/F/D),Agilent Technologies,"Santa Clara, CA
Actively Hiring
2 weeks ago",2 days ago
101,"Software Engineering Intern - Dallas, TX",Lockheed Martin,"Grand Prairie, TX
Actively Hiring
2 months ago",1 month ago
102,Software Engineer Intern - Corporate Architecture,Oracle,"United States
Actively Hiring
4 days ago",1 month ago
103,"Software Engineering Intern - Dallas, TX",Lockheed Martin,"Grand Prairie, TX
Actively Hiring
1 month ago",2 weeks ago
104,Software Engineer Intern,Fortra,"United States
6 days ago",1 day ago
105,Software Engineering Intern,Intel Corporation,"Arizona, United States
Actively Hiring
2 days ago",1 month ago
106,NVIDIA 2024 Internships: Software Engineering Intern,NVIDIA,"United States
Actively Hiring
21 hours ago",3 weeks ago
107,Software Developer Intern - Summer 2024,Thrivent,"United States
Actively Hiring
1 month ago",1 day ago
108,NVIDIA 2024 Internships: Systems Software Engineering Intern,NVIDIA,"United States
Actively Hiring
19 hours ago",4 days ago
109,Business Analyst Intern (Summer 2024),Knowbl,"Northville, MI
1 month ago",2 weeks ago
110,Infrastructure Software Engineering Intern,AppLovin,"United States
Actively Hiring
2 weeks ago",3 weeks ago
111,Backend Software Engineering Intern,AppLovin,"United States
Actively Hiring
1 day ago",4 days ago
112,Business Analyst Intern - Indonesia,BTS,"United States
1 month ago",1 week ago
113,Intern Engineer,General Dynamics Mission Systems,"Scottsdale, AZ
Actively Hiring
3 weeks ago",1 month ago
114,Platform Software Engineering Intern,AppLovin,"United States
Actively Hiring
1 day ago",1 month ago
115,Platform Software Engineering Intern,AppLovin,"United States
Actively Hiring
4 days ago",1 day ago
116,"2024 Summer Internship: Software Engineer, Perception",Latitude AI,"Palo Alto, CA
2 weeks ago",4 weeks ago
117,Summer 2024 Software Engineering Intern,Intradiem,"United States
3 weeks ago",1 month ago
118,Mobile Software Engineering Intern,AppLovin,"United States
Actively Hiring
4 days ago",3 days ago
119,DOD Skillbridge - Software Development Engineer In Test Intern,Flashpoint,"Washington, DC
1 week ago",1 month ago
120,"Software Engineering Intern - Dallas, TX with Security Clearance",ClearanceJobs,"Grand Prairie, TX
1 month ago",1 day ago
121,"Software Engineering Intern - Dallas, TX with Security Clearance",ClearanceJobs,"Grand Prairie, TX
1 month ago",3 weeks ago
122,Software Developer in Test Intern 4 Months - Winter 2024,Ceridian,"Toronto, OH
Actively Hiring
1 day ago",1 month ago
123,"TMG Data Analyst Intern (Remote in Madison, Wisconsin)",Molina Healthcare,"Madison, WI
Actively Hiring
4 weeks ago",4 days ago
124,Customer Finance Internship (Data Analyst),Siemens Healthineers,"Walpole, MA
Actively Hiring
1 month ago",3 weeks ago
125,People and Talent Analytics Intern,Lumentum,"California, United States
Actively Hiring
3 days ago",3 days ago
126,"Intern, Digital Analyst-Remote",American Heart Association,"Dallas, TX
1 month ago",1 month ago
127,Texas Student Data System (TSDS) Subject Matter Expert (Systems Analyst V),Texas Education Agency,"Texas, United States
1 day ago",3 months ago
128,Student Success - Remote | WFH,Get It Recruit - Educational Services,"Albuquerque, NM
Be an early applicant
3 weeks ago",4 days ago
129,"American Heart Association, Intern, Digital Analyst-Remote - Application via WayUp",WayUp,"Dallas, TX
Be an early applicant
1 month ago",5 days ago
130,Remote Summer Internship - Business Intelligence & Data Analytics,Lifeway Christian Resources,"United States
Actively Hiring
4 days ago",6 days ago
131,Quality Analyst Intern,Lash Group,"Pennsylvania, United States
3 weeks ago",5 days ago
132,Data Science Intern,Oracle,"United States
Actively Hiring
3 days ago",2 months ago
133,2024 Summer Internship - MIS - Remote,Freeport-McMoRan,"Phoenix, AZ
Actively Hiring
1 month ago",4 days ago
134,Data Science Intern,Ameritas,"Lincoln, NE
3 months ago",1 day ago
135,Remote Summer Internship - Customer Analytics and Insights,Lifeway Christian Resources,"United States
Actively Hiring
4 days ago",5 days ago
136,Data Science & Analytics Internships â€“ Summer 2024,NBCUniversal,"Universal City, CA
Actively Hiring
5 days ago",5 days ago
137,AIML Engineer - 2024 Summer Internship (US REMOTE),Motorola Solutions,"Illinois, United States
Actively Hiring
6 days ago",5 days ago
138,Applications Software Engineering Summer Internship,HP,"New York, United States
Actively Hiring
5 days ago",4 days ago
139,"Optum Enterprise Shared Services Internship - Remote or Eden Prairie, MN",Optum,"Eden Prairie, MN
Actively Hiring
2 months ago",5 days ago
140,Remote Summer Internship - Software Development Engineer,Lifeway Christian Resources,"United States
Actively Hiring
4 days ago",5 days ago
141,Federal Systems Engineering Intern (Summer Internship 2024),Motorola Solutions,"Maryland, United States
Actively Hiring
1 day ago",5 days ago
142,Applications Software Engineering Summer Internship,HP,"Washington, United States
Actively Hiring
5 days ago",1 week ago
143,Applications Software Engineering Summer Internship,HP,"California, United States
Actively Hiring
5 days ago",4 days ago
144,Applications Software Engineering Summer Internship,HP,"Texas, United States
Actively Hiring
5 days ago",
145,Applications Software Engineering Summer Internship,HP,"Tennessee, United States
Actively Hiring
4 days ago",
146,Applications Software Engineering Summer Internship,HP,"Oregon, United States
Actively Hiring
5 days ago",
147,Applications Software Engineering Summer Internship,HP,"Massachusetts, United States
Actively Hiring
5 days ago",
148,Applications Software Engineering Summer Internship,HP,"Idaho, United States
Actively Hiring
5 days ago",
149,Software Development Internship Summer 2024 (Remote),WebstaurantStore,"Lititz, PA
Actively Hiring
1 week ago",
150,Global Finance Internship (Remote & Hybrid),International Justice Mission,"Virginia, United States
4 days ago",
